{"cameraMode":{"drawMode":0,"name":"Shaded","section":"Shading Mode"},"sceneLighting":false,"audioPlay":false,"sceneViewState":{"m_AlwaysRefresh":false,"showFog":true,"showSkybox":false,"showFlares":true,"showImageEffects":true,"showParticleSystems":true,"showVisualEffectGraphs":true,"m_FxEnabled":true},"in2DMode":false,"pivot":{"x":9.5367431640625e-7,"y":0.8036624789237976,"z":-0.015426158905029297},"rotation":{"x":0.5141984224319458,"y":-0.04498506337404251,"z":0.02701796032488346,"w":0.8560695648193359},"size":1.0704680681228638,"orthographic":false}