{"cameraMode":{"drawMode":0,"name":"Shaded","section":"Shading Mode"},"sceneLighting":true,"audioPlay":false,"sceneViewState":{"m_AlwaysRefresh":false,"showFog":true,"showSkybox":true,"showFlares":true,"showImageEffects":true,"showParticleSystems":true,"showVisualEffectGraphs":true,"m_FxEnabled":true},"in2DMode":false,"pivot":{"x":-2.6031100749969484,"y":-10.807950973510743,"z":4.424720764160156},"rotation":{"x":0.360120564699173,"y":0.0027990422677248718,"z":-0.0010827346704900265,"w":0.9329054355621338},"size":19.47427749633789,"orthographic":false}