{"cameraMode":{"drawMode":0,"name":"Shaded","section":"Shading Mode"},"sceneLighting":true,"audioPlay":false,"sceneViewState":{"m_AlwaysRefresh":false,"showFog":true,"showSkybox":true,"showFlares":true,"showImageEffects":true,"showParticleSystems":true,"showVisualEffectGraphs":true,"m_FxEnabled":true},"in2DMode":false,"pivot":{"x":-2.6031100749969484,"y":-10.807950973510743,"z":4.424720764160156},"rotation":{"x":0.5141984224319458,"y":-0.04498506337404251,"z":0.02701796032488346,"w":0.8560695648193359},"size":13.460150718688965,"orthographic":false}