{"cameraMode":{"drawMode":0,"name":"Shaded","section":"Shading Mode"},"sceneLighting":true,"audioPlay":false,"sceneViewState":{"m_AlwaysRefresh":false,"showFog":true,"showSkybox":true,"showFlares":true,"showImageEffects":true,"showParticleSystems":true,"showVisualEffectGraphs":true,"m_FxEnabled":true},"in2DMode":false,"pivot":{"x":-0.012078285217285157,"y":-15.069071769714356,"z":0.06526422500610352},"rotation":{"x":-0.11018513143062592,"y":-0.8265613317489624,"z":0.17385298013687135,"w":-0.5238630771636963},"size":1.425194263458252,"orthographic":false}